{"player_pos":{"x":-21.8512496948242,"y":1.50094652175903,"z":-78.5722045898438}}