{"player_pos":{"x":27.6261749267578,"y":1.50094783306122,"z":214.034057617188},"time":{"hour":0,"minute":30}}
