{"player_pos":{"x":34.7679214477539,"y":1.5006000995636,"z":84.9934387207031},"time":{"hour":0,"minute":12}}
