{"player_pos":{"x":47.2818450927734,"y":1.5006000995636,"z":98.6027755737305},"time":{"hour":0,"minute":18}}